productId,productName,quantity,price,imageUrl1,imageUrl2,imageUrl3
P001,abc,1,10,image- 1.jpeg,,
P002,nbvc,1,12,image- 2.jpeg,,
P003,abc,1,14,image- 3.jpeg,,
P004,nbvc,1,16,image- 4.jpeg,,
P005,abc,1,18,image- 5.jpeg,,
P006,nbvc,1,20,image- 6.jpeg,,
P007,abc,1,22,image- 7.jpeg,,
P008,nbvc,1,24,image- 8.jpeg,,
P009,abc,1,26,image- 9.jpeg,,
P010,nbvc,1,28,image- 10.jpeg,,
P011,abc,1,30,image- 11.jpeg,,
P012,nbvc,1,32,image- 12.jpeg,,
P013,abc,1,34,image- 13.jpeg,,
P014,nbvc,1,36,image- 14.jpeg,,
P015,abc,1,38,image- 15.jpeg,,
P016,nbvc,1,40,image- 16.jpeg,,
P017,abc,1,42,image- 17.jpeg,,
P018,nbvc,1,44,image- 18.jpeg,,
P019,abc,1,46,image- 19.jpeg,,
P020,nbvc,1,48,image- 20.jpeg,,
P021,abc,1,50,image- 21.jpeg,,
P022,nbvc,1,52,image- 22.jpeg,,
P023,abc,1,54,image- 23.jpeg,,
P024,nbvc,1,56,image- 24.jpeg,,
P025,abc,1,58,image- 25.jpeg,,
P026,nbvc,1,60,image- 26.jpeg,,
P027,abc,1,62,image- 27.jpeg,,
P028,nbvc,1,64,image- 28.jpeg,,
P029,abc,1,66,image- 29.jpeg,,
P030,nbvc,1,68,image- 30.jpeg,,
P031,abc,1,70,image- 31.jpeg,,
P032,nbvc,1,72,image- 32.jpeg,,
P033,abc,1,74,image- 33.jpeg,,
P034,nbvc,1,76,image- 34.jpeg,,
P035,abc,1,78,image- 35.jpeg,,
P036,nbvc,1,80,image- 36.jpeg,,
P037,abc,1,82,image- 37.jpeg,,
P038,nbvc,1,84,image- 38.jpeg,,
P039,abc,1,86,image- 39.jpeg,,
P040,nbvc,1,88,image- 40.jpeg,,
P041,abc,1,90,image- 41.jpeg,,
P042,nbvc,1,92,image- 42.jpeg,,
P043,abc,1,94,image- 43.jpeg,,
P044,nbvc,1,96,image- 44.jpeg,,
P045,abc,1,98,image- 45.jpeg,,
P046,nbvc,1,100,image- 46.jpeg,,
P047,abc,1,102,image- 47.jpeg,,
P048,nbvc,1,104,image- 48.jpeg,,
P049,abc,1,106,image- 49.jpeg,,
P050,nbvc,1,108,image- 50.jpeg,,
P051,abc,1,110,image- 51.jpeg,,
P052,nbvc,1,112,image- 52.jpeg,,
P053,abc,1,114,image- 53.jpeg,,
P054,nbvc,1,116,image- 54.jpeg,,
P055,abc,1,118,image- 55.jpeg,,
P056,nbvc,1,120,image- 56.jpeg,,
P057,abc,1,122,image- 57.jpeg,,
P058,nbvc,1,124,image- 58.jpeg,,
P059,abc,1,126,image- 59.jpeg,,
P060,nbvc,1,128,image- 60.jpeg,,
P061,abc,1,130,image- 61.jpeg,,
P062,nbvc,1,132,image- 62.jpeg,,
P063,abc,1,134,image- 63.jpeg,,
P064,nbvc,1,136,image- 64.jpeg,,
P065,abc,1,138,image- 65.jpeg,,
P066,nbvc,1,140,image- 66.jpeg,,
P067,abc,1,142,image- 67.jpeg,,
P068,nbvc,1,144,image- 68.jpeg,,
P069,abc,1,146,image- 69.jpeg,,
P070,nbvc,1,148,image- 70.jpeg,,
P071,abc,1,150,image- 71.jpeg,,
P072,nbvc,1,152,image- 72.jpeg,,
P073,abc,1,154,image- 73.jpeg,,
