productId,productName,quantity, price ,imageUrl1,imageUrl2,imageUrl3
P001,1000318807,1,99,image-01.jpeg,null,null
P002,1000318818,1,99,image-02.jpeg,null,null
P003,1000318819,1,99,image-03.jpeg,null,null
P004,1000318822,1,99,image-04.jpeg,null,null
P005,1000318825,1,99,image-05.jpeg,null,null
P006,1000318830,1,99,image-06.jpeg,null,null
P007,1000318837,1,99,image-07.jpeg,null,null
P008,1000318841,1,99,image-08.jpeg,null,null
P009,1000318842,1,99,image-09.jpeg,null,null
P010,1000318849,1,99,image-10.jpeg,null,null
P011,1000318850,1,99,image-11.jpeg,null,null
P012,1000318852,1,99,image-12.jpeg,null,null
P013,1000318853,1,99,image-13.jpeg,null,null
P014,1000318855,1,99,image-14.jpeg,null,null
P015,1000318861,1,99,image-15.jpeg,null,null
P016,1000318869,1,99,image-16.jpeg,null,null
P017,1000318873,1,99,image-17.jpeg,null,null
P018,1000318874,1,99,image-18.jpeg,null,null
P019,1000318877,1,99,image-19.jpeg,null,null
P020,1000318881,1,99,image-20.jpeg,null,null
P021,1000318882,1,99,image-21.jpeg,null,null
P022,1000318883,1,99,image-22.jpeg,null,null
P023,1000318884,1,99,image-23.jpeg,null,null
P024,1000318885,1,99,image-24.jpeg,null,null
P025,1000318886,1,99,image-25.jpeg,null,null
P026,1000318887,1,99,image-26.jpeg,null,null
P027,1000318889,1,99,image-27.jpeg,null,null
P028,1000318890,1,99,image-28.jpeg,null,null
P029,1000318898,1,99,image-29.jpeg,null,null
P030,1000318899,1,99,image-30.jpeg,null,null
P031,1000318903,1,99,image-31.jpeg,null,null
P032,1000318904,1,99,image-32.jpeg,null,null
P033,1000318906,1,99,image-33.jpeg,null,null
P034,1000318910,1,99,image-34.jpeg,null,null
P035,1000318913,1,99,image-35.jpeg,null,null
P036,1000318920,1,99,image-36.jpeg,null,null
P037,1000318921,1,99,image-37.jpeg,null,null
P038,1000318928,1,99,image-38.jpeg,null,null
P039,1000318930,1,99,image-39.jpeg,null,null
P040,1000319032,1,99,image-40.jpeg,null,null
P041,1000319101,1,99,image-41.jpeg,null,null
P042,1000319132,1,99,image-42.jpeg,null,null
P043,1000319316,1,99,image-43.jpeg,null,null
P044,1000319322,1,99,image-44.jpeg,null,null
P045,1000319472,1,99,image-45.jpeg,null,null
P046,1000319532,1,99,image-46.jpeg,null,null
P047,1000319817,1,99,image-47.jpeg,null,null
P048,1000319826,1,99,image-48.jpeg,null,null
P049,1000319829,1,99,image-49.jpeg,null,null
P050,1000319837,1,99,image-50.jpeg,null,null
P051,1000319843,1,99,image-51.jpeg,null,null
P052,1000319850,1,99,image-52.jpeg,null,null
P053,1000320709,1,99,image-53.jpeg,null,null
P054,1000320747,1,99,image-54.jpeg,null,null
P055,1000320819,1,99,image-55.jpeg,null,null
P056,1000320873,1,99,image-56.jpeg,null,null
P057,1000320874,1,99,image-57.jpeg,null,null
P058,1000320895,1,99,image-58.jpeg,null,null
P059,1000320896,1,99,image-59.jpeg,null,null
P060,1000320897,1,99,image-60.jpeg,null,null
P061,1000320923,1,99,image-61.jpeg,null,null
P062,1000320927,1,99,image-62.jpeg,null,null
P063,1000320933,1,99,image-63.jpeg,null,null
P064,1000321889,1,99,image-64.jpeg,null,null
P065,1000322196,1,99,image-65.jpeg,null,null
P066,1000322397,1,99,image-66.jpeg,null,null
P067,1000322401,1,99,image-67.jpeg,null,null
P068,1000322530,1,99,image-68.jpeg,null,null
P069,1000323024,1,99,image-69.jpeg,null,null
P070,1000323026,1,99,image-70.jpeg,null,null
P071,1000323218,1,99,image-71.jpeg,null,null
P072,1000323224,1,99,image-72.jpeg,null,null
P073,1000323414,1,99,image-73.jpeg,null,null
P074,1000324178,1,99,image-74.jpeg,null,null
P075,1000324560,1,99,image-75.jpeg,null,null
P076,1000324587,1,99,image-76.jpeg,null,null
P077,1000324589,1,99,image-77.jpeg,null,null
P078,1000324692,1,99,image-78.jpeg,null,null
P079,1000326223,1,99,image-79.jpeg,null,null
P080,1000326320,1,99,image-80.jpeg,null,null
P081,1000326322,1,99,image-81.jpeg,null,null
P082,1000326324,1,99,image-82.jpeg,null,null
P083,1000326429,1,99,image-83.jpeg,null,null
P084,1000326437,1,99,image-84.jpeg,null,null
P085,1000326456,1,99,image-85.jpeg,null,null
P086,1000326855,1,99,image-86.jpeg,null,null
P087,1000326860,1,99,image-87.jpeg,null,null
P088,1000326862,1,99,image-88.jpeg,null,null
P089,1000326866,1,99,image-89.jpeg,null,null
P090,1000326868,1,99,image-90.jpeg,null,null
P091,1000326870,1,99,image-91.jpeg,null,null
P092,1000326872,1,99,image-92.jpeg,null,null
P093,1000326874,1,99,image-93.jpeg,null,null
P094,1000327963,1,99,image-94.jpeg,null,null
P095,1000327966,1,99,image-95.jpeg,null,null
P096,1000328000,1,99,image-96.jpeg,null,null
P097,1000328003,1,99,image-97.jpeg,null,null
P098,1000328005,1,99,image-98.jpeg,null,null
P099,1000328007,1,99,image-99.jpeg,null,null
P100,1000328572,1,99,image-100.jpeg,null,null
